"ID","Description","NES","pvalue","p.adjust","GeneRatio","BgRatio","geneID","geneName","Count","BG","Study","Freq","total_study","Celltype","Regulators","logp","pathway","pathway_new"
"KEGG_hsa04217","Necroptosis",-2.15591873687318,0.00116851143444828,0.0220944049799251,"5/86","159/17332","8737/841/8772/6772/3716","RIPK1/CASP8/FADD/STAT1/JAK1",5,159,"Crossvalidation_Tcells_2017_Nature_Patel_100_Mel624pos100",16,19,"Tcells","pos",1.65571768984347,"Necroptosis","Necroptosis"
"KEGG_hsa04217","Necroptosis",15.4368432096362,3.8934807470836e-06,0.000275463762856165,"7/71","159/17332","3716/6772/3460/3459/3717/3454/3455","JAK1/STAT1/IFNGR2/IFNGR1/JAK2/IFNAR1/IFNAR2",7,159,"Crossvalidation_Tcells_2018_Science_Pan_100_B16_OT_Ipos100",16,19,"Tcells","pos",3.55993552431383,"Necroptosis","Necroptosis"
"KEGG_hsa04217","Necroptosis",7.88483646882011,8.46230068186791e-07,5.765647531246e-05,"5/20","159/17332","3460/3459/3717/3716/6772","IFNGR2/IFNGR1/JAK2/JAK1/STAT1",5,159,"Crossvalidation_Tcells_2018_Science_Pan_100_B16_Pmel_1pos100",16,19,"Tcells","pos",4.23915191066681,"Necroptosis","Necroptosis"
"KEGG_hsa04217","Necroptosis",-3.21367342569008,1.29804057859157e-05,0.00294655211340287,"7/85","159/17332","3716/3460/3459/6772/3717/7132/8737","JAK1/IFNGR2/IFNGR1/STAT1/JAK2/TNFRSF1A/RIPK1",7,159,"Crossvalidation_Tcells_2018_ScienceImmunology_Kearney_100_B16_perforin_OTIpos100",16,19,"Tcells","pos",2.53068587346815,"Necroptosis","Necroptosis"
"KEGG_hsa04217","Necroptosis",-3.48044374104664,1.58223954202593e-06,0.000738905866126111,"8/89","159/17332","841/3716/7132/8717/8878/9825/6772/3455","CASP8/JAK1/TNFRSF1A/TRADD/SQSTM1/SPATA2/STAT1/IFNAR2",8,159,"Crossvalidation_Tcells_2018_ScienceImmunology_Kearney_100_MC38_IgG_OTIpos100",16,19,"Tcells","pos",3.13141088559161,"Necroptosis","Necroptosis"
"KEGG_hsa04217","Necroptosis",NA,1.72320591903933e-06,0.000775442663567698,"8/90","159/17332","8717/7132/8772/3716/841/8878/637/3459","TRADD/TNFRSF1A/FADD/JAK1/CASP8/SQSTM1/BID/IFNGR1",8,159,"Crossvalidation_Tcells_2018_ScienceImmunology_Kearney_100_MC38_perforinko_OTIpos100",16,19,"Tcells","pos",3.11045030851024,"Necroptosis","Necroptosis"
"KEGG_hsa04217","Necroptosis",15.9183375068371,7.75508773499629e-10,1.79142526678414e-07,"11/92","159/17332","3460/6772/3459/3716/3717/3455/6773/7132/5610/10379/7297","IFNGR2/STAT1/IFNGR1/JAK1/JAK2/IFNAR2/STAT2/TNFRSF1A/EIF2AK2/IRF9/TYK2",11,159,"Crossvalidation_Tcells_2020_Nature_Lawson_100_4t1HApos100",16,19,"Tcells","pos",6.7468013046624,"Necroptosis","Necroptosis"
"KEGG_hsa04217","Necroptosis",14.4303495017504,0.000139214809984702,0.00818185326110093,"6/86","159/17332","3459/3716/6772/3717/3460/6773","IFNGR1/JAK1/STAT1/JAK2/IFNGR2/STAT2",6,159,"Crossvalidation_Tcells_2020_Nature_Lawson_100_B16OVApos100",16,19,"Tcells","pos",2.08714831369925,"Necroptosis","Necroptosis"
"KEGG_hsa04217","Necroptosis",12.0698131968409,1.48317409135818e-08,2.55600335077394e-06,"10/94","159/17332","3716/6772/3459/3717/3460/6773/10379/3454/3455/7132","JAK1/STAT1/IFNGR1/JAK2/IFNGR2/STAT2/IRF9/IFNAR1/IFNAR2/TNFRSF1A",10,159,"Crossvalidation_Tcells_2020_Nature_Lawson_100_Ct26HApos100",16,19,"Tcells","pos",5.59243858117808,"Necroptosis","Necroptosis"
"KEGG_hsa04217","Necroptosis",8.12754929151161,3.15149295464134e-12,1.62932185754957e-09,"13/94","159/17332","3716/3459/3717/841/6772/3460/6773/3454/7132/355/3455/8772/8717","JAK1/IFNGR1/JAK2/CASP8/STAT1/IFNGR2/STAT2/IFNAR1/TNFRSF1A/FAS/IFNAR2/FADD/TRADD",13,159,"Crossvalidation_Tcells_2020_Nature_Lawson_100_Emt6HApos100",16,19,"Tcells","pos",8.78799311633569,"Necroptosis","Necroptosis"
"KEGG_hsa04217","Necroptosis",8.25911976648482,1.02303589680722e-05,0.00089856652936234,"7/82","159/17332","7132/8717/8772/3717/841/3459/3460","TNFRSF1A/TRADD/FADD/JAK2/CASP8/IFNGR1/IFNGR2",7,159,"Crossvalidation_Tcells_2020_Nature_Lawson_100_Mc38OVApos100",16,19,"Tcells","pos",3.04644976244449,"Necroptosis","Necroptosis"
"KEGG_hsa04217","Necroptosis",5.8779865973651,5.83857361843786e-11,1.69318634934698e-08,"12/94","159/17332","3716/6772/3459/3460/3717/7132/355/6773/5610/3454/3455/8717","JAK1/STAT1/IFNGR1/IFNGR2/JAK2/TNFRSF1A/FAS/STAT2/EIF2AK2/IFNAR1/IFNAR2/TRADD",12,159,"Crossvalidation_Tcells_2020_Nature_Lawson_100_RencaHApos100",16,19,"Tcells","pos",7.77129524151339,"Necroptosis","Necroptosis"
"KEGG_hsa04217","Necroptosis",2.0715109609996,0.00105112812942025,0.0195186408032344,"5/84","159/17332","7132/8717/841/355/9825","TNFRSF1A/TRADD/CASP8/FAS/SPATA2",5,159,"Crossvalidation_Tcells_2020_ScienceImmunology_Young_100_MC38pos100",16,19,"Tcells","pos",1.70955042807339,"Necroptosis","Necroptosis"
"KEGG_hsa04217","Necroptosis",36833.0498986066,2.0048089681239e-07,6.94809508095511e-05,"9/94","159/17332","3716/3460/6772/3717/8772/8737/7132/581/841","JAK1/IFNGR2/STAT1/JAK2/FADD/RIPK1/TNFRSF1A/BAX/CASP8",9,159,"Crossvalidation_Tcells_2022_CellReportMedicine_Zhang_100_D10_Tpos100",16,19,"Tcells","pos",4.15813424709719,"Necroptosis","Necroptosis"
"KEGG_hsa04217","Necroptosis",5.6373415804332,1.87472236980345e-06,0.000439423909512324,"8/91","159/17332","6772/3460/3459/3716/3717/841/355/8772","STAT1/IFNGR2/IFNGR1/JAK1/JAK2/CASP8/FAS/FADD",8,159,"Crossvalidation_Tcells_2022_NatureCommunication_Frey_100_KPC_OTIpos100",16,19,"Tcells","pos",3.35711631635778,"Necroptosis","Necroptosis"
"KEGG_hsa04217","Necroptosis",9.2101954338263,1.24569099823205e-07,3.57980450616934e-05,"9/89","159/17332","6772/3460/3459/3717/3716/3455/10379/3454/7297","STAT1/IFNGR2/IFNGR1/JAK2/JAK1/IFNAR2/IRF9/IFNAR1/TYK2",9,159,"Crossvalidation_Tcells_2023_CancerDiscovery_Ito_100_B16_OT1pos100",16,19,"Tcells","pos",4.44614068961593,"Necroptosis","Necroptosis"
"REACTOME_877300","Interferon Gamma Signaling",-3.33665949626401,0.000880333060336386,0.0183287321438576,"4/86","86/17332","3105/567/6772/3716","HLA-A/B2M/STAT1/JAK1",4,86,"Crossvalidation_Tcells_2017_Nature_Patel_100_Mel624pos100",16,19,"Tcells","pos",1.73686757551625,"Interferon Gamma Signaling","IFNg Signaling"
"REACTOME_877300","Interferon Gamma Signaling",17.4846814224552,5.94281064824401e-08,1.00908924807183e-05,"7/71","86/17332","3716/6772/3460/3459/567/3105/3717","JAK1/STAT1/IFNGR2/IFNGR1/B2M/HLA-A/JAK2",7,86,"Crossvalidation_Tcells_2018_Science_Pan_100_B16_OT_Ipos100",16,19,"Tcells","pos",4.99607042124473,"Interferon Gamma Signaling","IFNg Signaling"
"REACTOME_877300","Interferon Gamma Signaling",9.94787979512605,4.58284509974913e-10,1.5612225639812e-07,"6/20","86/17332","567/3460/3459/3717/3716/6772","B2M/IFNGR2/IFNGR1/JAK2/JAK1/STAT1",6,86,"Crossvalidation_Tcells_2018_Science_Pan_100_B16_Pmel_1pos100",16,19,"Tcells","pos",6.8065351805898,"Interferon Gamma Signaling","IFNg Signaling"
"REACTOME_877300","Interferon Gamma Signaling",NA,3.0947268870387e-07,0.000214877203523387,"7/90","86/17332","3716/6772/3460/3459/3717/567/3662","JAK1/STAT1/IFNGR2/IFNGR1/JAK2/B2M/IRF4",7,86,"Crossvalidation_Tcells_2018_ScienceImmunology_Kearney_100_B16_OTIpos100",16,19,"Tcells","pos",3.66780965667771,"Interferon Gamma Signaling","IFNg Signaling"
"REACTOME_877300","Interferon Gamma Signaling",-2.92981420004417,3.99776185989637e-06,0.00145198710751436,"6/85","86/17332","3716/3460/3459/6772/3717/3664","JAK1/IFNGR2/IFNGR1/STAT1/JAK2/IRF6",6,86,"Crossvalidation_Tcells_2018_ScienceImmunology_Kearney_100_B16_perforin_OTIpos100",16,19,"Tcells","pos",2.83803723980688,"Interferon Gamma Signaling","IFNg Signaling"
"REACTOME_877300","Interferon Gamma Signaling",-1.90727417739023,8.00234503753005e-05,0.00934273783131634,"5/89","86/17332","3716/567/3659/6772/55128","JAK1/B2M/IRF1/STAT1/TRIM68",5,86,"Crossvalidation_Tcells_2018_ScienceImmunology_Kearney_100_MC38_IgG_OTIpos100",16,19,"Tcells","pos",2.02952583781725,"Interferon Gamma Signaling","IFNg Signaling"
"REACTOME_877300","Interferon Gamma Signaling",1.82320254206774,0.000805920065386798,0.0339150313494734,"4/84","86/17332","567/3660/3383/3105","B2M/IRF2/ICAM1/HLA-A",4,86,"Crossvalidation_Tcells_2019_Cell_Vredevoogd_100_IFNGR1deficient_D10_Bpos100",16,19,"Tcells","pos",1.46960777715721,"Interferon Gamma Signaling","IFNg Signaling"
"REACTOME_877300","Interferon Gamma Signaling",18.0916947513637,1.7489024528533e-08,2.93815612079354e-06,"8/92","86/17332","3460/6772/3459/3716/3717/567/3659/10379","IFNGR2/STAT1/IFNGR1/JAK1/JAK2/B2M/IRF1/IRF9",8,86,"Crossvalidation_Tcells_2020_Nature_Lawson_100_4t1HApos100",16,19,"Tcells","pos",5.53192513141923,"Interferon Gamma Signaling","IFNg Signaling"
"REACTOME_877300","Interferon Gamma Signaling",15.4369350409462,2.26147448676247e-07,7.75308836545067e-05,"7/86","86/17332","3459/3716/6772/3717/3460/3105/567","IFNGR1/JAK1/STAT1/JAK2/IFNGR2/HLA-A/B2M",7,86,"Crossvalidation_Tcells_2020_Nature_Lawson_100_B16OVApos100",16,19,"Tcells","pos",4.11052526615188,"Interferon Gamma Signaling","IFNg Signaling"
"REACTOME_877300","Interferon Gamma Signaling",11.7788428020759,8.96225383050288e-10,2.64770584592571e-07,"9/94","86/17332","3716/6772/3459/3717/3460/567/10379/3659/7412","JAK1/STAT1/IFNGR1/JAK2/IFNGR2/B2M/IRF9/IRF1/VCAM1",9,86,"Crossvalidation_Tcells_2020_Nature_Lawson_100_Ct26HApos100",16,19,"Tcells","pos",6.57713026567772,"Interferon Gamma Signaling","IFNg Signaling"
"REACTOME_877300","Interferon Gamma Signaling",6.68949742983099,7.18240937063184e-06,0.000330071612854814,"6/94","86/17332","3716/3459/567/3717/6772/3460","JAK1/IFNGR1/B2M/JAK2/STAT1/IFNGR2",6,86,"Crossvalidation_Tcells_2020_Nature_Lawson_100_Emt6HApos100",16,19,"Tcells","pos",3.48139182468706,"Interferon Gamma Signaling","IFNg Signaling"
"REACTOME_877300","Interferon Gamma Signaling",7.54859796325009,1.62584923954161e-07,3.85931070183128e-05,"7/82","86/17332","3105/3717/3459/567/5371/7412/3460","HLA-A/JAK2/IFNGR1/B2M/PML/VCAM1/IFNGR2",7,86,"Crossvalidation_Tcells_2020_Nature_Lawson_100_Mc38OVApos100",16,19,"Tcells","pos",4.41349025624098,"Interferon Gamma Signaling","IFNg Signaling"
"REACTOME_877300","Interferon Gamma Signaling",6.12882162885853,4.17263172129042e-07,3.02515799793555e-05,"7/94","86/17332","3716/6772/567/3459/3460/3717/3383","JAK1/STAT1/B2M/IFNGR1/IFNGR2/JAK2/ICAM1",7,86,"Crossvalidation_Tcells_2020_Nature_Lawson_100_RencaHApos100",16,19,"Tcells","pos",4.51925193808931,"Interferon Gamma Signaling","IFNg Signaling"
"REACTOME_877300","Interferon Gamma Signaling",48810.3881158823,7.18240937063184e-06,0.000512486033328025,"6/94","86/17332","3716/3460/6772/3659/3717/567","JAK1/IFNGR2/STAT1/IRF1/JAK2/B2M",6,86,"Crossvalidation_Tcells_2022_CellReportMedicine_Zhang_100_D10_Tpos100",16,19,"Tcells","pos",3.29031796584532,"Interferon Gamma Signaling","IFNg Signaling"
"REACTOME_877300","Interferon Gamma Signaling",5.28339503968022,3.3392604577791e-07,0.000163289836385398,"7/91","86/17332","6772/3460/3459/3716/3717/5371/567","STAT1/IFNGR2/IFNGR1/JAK1/JAK2/PML/B2M",7,86,"Crossvalidation_Tcells_2022_NatureCommunication_Frey_100_KPC_OTIpos100",16,19,"Tcells","pos",3.78704084612129,"Interferon Gamma Signaling","IFNg Signaling"
"REACTOME_877300","Interferon Gamma Signaling",9.56148988379057,5.22842848652726e-06,0.000522615525675051,"6/89","86/17332","6772/3460/3459/3717/3716/10379","STAT1/IFNGR2/IFNGR1/JAK2/JAK1/IRF9",6,86,"Crossvalidation_Tcells_2023_CancerDiscovery_Ito_100_B16_OT1pos100",16,19,"Tcells","pos",3.28181769255196,"Interferon Gamma Signaling","IFNg Signaling"
"REACTOME_983170","Antigen Presentation: Folding, Assembly And Peptide Loading Of Class I Mhc",-4.20275126391766,1.31387073093605e-07,1.15933450686881e-05,"5/86","25/17332","3105/567/6892/6891/6890","HLA-A/B2M/TAPBP/TAP2/TAP1",5,25,"Crossvalidation_Tcells_2017_Nature_Patel_100_Mel624pos100",13,19,"Tcells","pos",4.93579123743849,"Antigen Presentation: Folding, Assembly And Peptide Loading Of Class I Mhc","Antigen Presentation via MHC-I"
"REACTOME_983170","Antigen Presentation: Folding, Assembly And Peptide Loading Of Class I Mhc",7.07023837500675,3.06428335697867e-06,0.00026015765700749,"4/71","25/17332","567/3105/6890/6891","B2M/HLA-A/TAP1/TAP2",4,25,"Crossvalidation_Tcells_2018_Science_Pan_100_B16_OT_Ipos100",13,19,"Tcells","pos",3.58476338734564,"Antigen Presentation: Folding, Assembly And Peptide Loading Of Class I Mhc","Antigen Presentation via MHC-I"
"REACTOME_983170","Antigen Presentation: Folding, Assembly And Peptide Loading Of Class I Mhc",-2.27322809660493,7.56690100815474e-06,0.00235582851387218,"4/89","25/17332","567/6890/6892/6891","B2M/TAP1/TAPBP/TAP2",4,25,"Crossvalidation_Tcells_2018_ScienceImmunology_Kearney_100_MC38_IgG_OTIpos100",13,19,"Tcells","pos",2.62785632601974,"Antigen Presentation: Folding, Assembly And Peptide Loading Of Class I Mhc","Antigen Presentation via MHC-I"
"REACTOME_983170","Antigen Presentation: Folding, Assembly And Peptide Loading Of Class I Mhc",2.84425902342021,2.00022138341804e-11,3.8364246133958e-08,"7/83","25/17332","567/6890/2923/811/6892/3105/6891","B2M/TAP1/PDIA3/CALR/TAPBP/HLA-A/TAP2",7,25,"Crossvalidation_Tcells_2019_Cell_Vredevoogd_100_IFNGR1deficient_D10_Apos100",13,19,"Tcells","pos",7.41607333136339,"Antigen Presentation: Folding, Assembly And Peptide Loading Of Class I Mhc","Antigen Presentation via MHC-I"
"REACTOME_983170","Antigen Presentation: Folding, Assembly And Peptide Loading Of Class I Mhc",3.36966268040779,2.18007044885467e-11,2.39044724716914e-08,"7/84","25/17332","6890/567/6892/6891/2923/811/3105","TAP1/B2M/TAPBP/TAP2/PDIA3/CALR/HLA-A",7,25,"Crossvalidation_Tcells_2019_Cell_Vredevoogd_100_IFNGR1deficient_D10_Bpos100",13,19,"Tcells","pos",7.62152083595319,"Antigen Presentation: Folding, Assembly And Peptide Loading Of Class I Mhc","Antigen Presentation via MHC-I"
"REACTOME_983170","Antigen Presentation: Folding, Assembly And Peptide Loading Of Class I Mhc",12.5833229986033,4.18596310920266e-11,1.82964266729453e-08,"7/92","25/17332","6890/6892/567/6891/51752/811/2923","TAP1/TAPBP/B2M/TAP2/ERAP1/CALR/PDIA3",7,25,"Crossvalidation_Tcells_2020_Nature_Lawson_100_4t1HApos100",13,19,"Tcells","pos",7.73763372052936,"Antigen Presentation: Folding, Assembly And Peptide Loading Of Class I Mhc","Antigen Presentation via MHC-I"
"REACTOME_983170","Antigen Presentation: Folding, Assembly And Peptide Loading Of Class I Mhc",5.39586283461738,2.05287915786397e-09,2.11138621386309e-06,"6/86","25/17332","3105/567/6891/6890/6892/9871","HLA-A/B2M/TAP2/TAP1/TAPBP/SEC24D",6,25,"Crossvalidation_Tcells_2020_Nature_Lawson_100_B16OVApos100",13,19,"Tcells","pos",5.67543231846494,"Antigen Presentation: Folding, Assembly And Peptide Loading Of Class I Mhc","Antigen Presentation via MHC-I"
"REACTOME_983170","Antigen Presentation: Folding, Assembly And Peptide Loading Of Class I Mhc",5.96305693119217,4.88198028668721e-11,2.52398380821729e-08,"7/94","25/17332","6890/567/6891/51752/6892/811/2923","TAP1/B2M/TAP2/ERAP1/TAPBP/CALR/PDIA3",7,25,"Crossvalidation_Tcells_2020_Nature_Lawson_100_Ct26HApos100",13,19,"Tcells","pos",7.59791343549147,"Antigen Presentation: Folding, Assembly And Peptide Loading Of Class I Mhc","Antigen Presentation via MHC-I"
"REACTOME_983170","Antigen Presentation: Folding, Assembly And Peptide Loading Of Class I Mhc",5.5967934022613,3.52847154489837e-09,6.859202852206e-07,"6/94","25/17332","6891/6890/567/6892/51752/811","TAP2/TAP1/B2M/TAPBP/ERAP1/CALR",6,25,"Crossvalidation_Tcells_2020_Nature_Lawson_100_Emt6HApos100",13,19,"Tcells","pos",6.1637263532443,"Antigen Presentation: Folding, Assembly And Peptide Loading Of Class I Mhc","Antigen Presentation via MHC-I"
"REACTOME_983170","Antigen Presentation: Folding, Assembly And Peptide Loading Of Class I Mhc",9.32086428059982,1.03335418916883e-07,3.0826013216949e-05,"5/82","25/17332","6891/3105/6890/6892/567","TAP2/HLA-A/TAP1/TAPBP/B2M",5,25,"Crossvalidation_Tcells_2020_Nature_Lawson_100_Mc38OVApos100",13,19,"Tcells","pos",4.5110826397185,"Antigen Presentation: Folding, Assembly And Peptide Loading Of Class I Mhc","Antigen Presentation via MHC-I"
"REACTOME_983170","Antigen Presentation: Folding, Assembly And Peptide Loading Of Class I Mhc",4.15291947272159,4.88198028668721e-11,1.65173666366251e-08,"7/94","25/17332","567/6891/6890/51752/6892/2923/22872","B2M/TAP2/TAP1/ERAP1/TAPBP/PDIA3/SEC31A",7,25,"Crossvalidation_Tcells_2020_Nature_Lawson_100_RencaHApos100",13,19,"Tcells","pos",7.78205919105584,"Antigen Presentation: Folding, Assembly And Peptide Loading Of Class I Mhc","Antigen Presentation via MHC-I"
"REACTOME_983170","Antigen Presentation: Folding, Assembly And Peptide Loading Of Class I Mhc",3.08033227039427,0.000233852176981982,0.00680143560523499,"3/84","25/17332","567/3105/22872","B2M/HLA-A/SEC31A",3,25,"Crossvalidation_Tcells_2020_ScienceImmunology_Young_100_MC38pos100",13,19,"Tcells","pos",2.16739940940738,"Antigen Presentation: Folding, Assembly And Peptide Loading Of Class I Mhc","Antigen Presentation via MHC-I"
"REACTOME_983170","Antigen Presentation: Folding, Assembly And Peptide Loading Of Class I Mhc",1.48570347838606,8.26687194967957e-06,0.00106381589036666,"4/91","25/17332","6890/6891/6892/567","TAP1/TAP2/TAPBP/B2M",4,25,"Crossvalidation_Tcells_2022_NatureCommunication_Frey_100_KPC_OTIpos100",13,19,"Tcells","pos",2.9731335268496,"Antigen Presentation: Folding, Assembly And Peptide Loading Of Class I Mhc","Antigen Presentation via MHC-I"
"PID_TNF_PATHWAY","Tnf Pathway",-1.94663558321489,7.86475855021887e-05,0.00363652696192612,"4/86","46/17332","8737/841/8772/6772","RIPK1/CASP8/FADD/STAT1",4,46,"Crossvalidation_Tcells_2017_Nature_Patel_100_Mel624pos100",9,19,"Tcells","pos",2.43931318813591,"Tnf Pathway","TNF Pathway"
"PID_TNF_PATHWAY","Tnf Pathway",-2.92885213214057,1.22754615710602e-07,0.000124442659815358,"6/89","46/17332","841/7132/8717/8878/7133/6772","CASP8/TNFRSF1A/TRADD/SQSTM1/TNFRSF1B/STAT1",6,46,"Crossvalidation_Tcells_2018_ScienceImmunology_Kearney_100_MC38_IgG_OTIpos100",9,19,"Tcells","pos",3.90503071493084,"Tnf Pathway","TNF Pathway"
"PID_TNF_PATHWAY","Tnf Pathway",NA,3.91075066782903e-06,0.000879918900261531,"5/90","46/17332","8717/7132/8772/841/8878","TRADD/TNFRSF1A/FADD/CASP8/SQSTM1",5,46,"Crossvalidation_Tcells_2018_ScienceImmunology_Kearney_100_MC38_perforinko_OTIpos100",9,19,"Tcells","pos",3.0555573537498,"Tnf Pathway","TNF Pathway"
"PID_TNF_PATHWAY","Tnf Pathway",4.87250766224404,1.7030109899541e-07,1.67706034629766e-05,"6/94","46/17332","841/6772/7133/7132/8772/8717","CASP8/STAT1/TNFRSF1B/TNFRSF1A/FADD/TRADD",6,46,"Crossvalidation_Tcells_2020_Nature_Lawson_100_Emt6HApos100",9,19,"Tcells","pos",4.7754513097299,"Tnf Pathway","TNF Pathway"
"PID_TNF_PATHWAY","Tnf Pathway",7.75214428414163,2.46655590072855e-06,0.000287602179675435,"5/82","46/17332","7132/8717/8772/841/7133","TNFRSF1A/TRADD/FADD/CASP8/TNFRSF1B",5,46,"Crossvalidation_Tcells_2020_Nature_Lawson_100_Mc38OVApos100",9,19,"Tcells","pos",3.54120782685165,"Tnf Pathway","TNF Pathway"
"PID_TNF_PATHWAY","Tnf Pathway",2.85764123896886,4.84599966964474e-06,0.000258878403404706,"5/94","46/17332","6772/7132/5970/8491/8717","STAT1/TNFRSF1A/RELA/MAP4K3/TRADD",5,46,"Crossvalidation_Tcells_2020_Nature_Lawson_100_RencaHApos100",9,19,"Tcells","pos",3.58690417850827,"Tnf Pathway","TNF Pathway"
"PID_TNF_PATHWAY","Tnf Pathway",2.2569108364722,7.17377965898751e-05,0.0030924114458564,"4/84","46/17332","7132/7133/8717/841","TNFRSF1A/TNFRSF1B/TRADD/CASP8",4,46,"Crossvalidation_Tcells_2020_ScienceImmunology_Young_100_MC38pos100",9,19,"Tcells","pos",2.50970272795642,"Tnf Pathway","TNF Pathway"
"PID_TNF_PATHWAY","Tnf Pathway",11197.8545924053,4.84599966964474e-06,0.000367387349954942,"5/94","46/17332","6772/8772/8737/7132/841","STAT1/FADD/RIPK1/TNFRSF1A/CASP8",5,46,"Crossvalidation_Tcells_2022_CellReportMedicine_Zhang_100_D10_Tpos100",9,19,"Tcells","pos",3.43487580159403,"Tnf Pathway","TNF Pathway"
"PID_TNF_PATHWAY","Tnf Pathway",2.62001584973542,0.00180522963684793,0.0336751223135984,"3/91","46/17332","6772/841/8772","STAT1/CASP8/FADD",3,46,"Crossvalidation_Tcells_2022_NatureCommunication_Frey_100_KPC_OTIpos100",9,19,"Tcells","pos",1.47269081817292,"Tnf Pathway","TNF Pathway"
"KEGG_hsa04140","Autophagy",-10.2814326882934,9.40502579201735e-08,0.000252524942515666,"9/97","141/17332","8837/9474/5588/10670/440275/29982/5894/8678/7249","CFLAR/ATG5/PRKCQ/RRAGA/EIF2AK4/NRBF2/RAF1/BECN1/TSC2",9,141,"Crossvalidation_Tcells_2018_Science_Pan_100_B16_OT_Ineg100",11,18,"Tcells","neg",3.59769571908223,"Autophagy","Autophagy"
"KEGG_hsa04140","Autophagy",-7.13004639218657,0.000117894711990802,0.00923953621689303,"6/94","141/17332","9474/6885/29982/5861/9776/5588","ATG5/MAP3K7/NRBF2/RAB1A/ATG13/PRKCQ",6,141,"Crossvalidation_Tcells_2018_Science_Pan_100_B16_Pmel_1neg100",11,18,"Tcells","neg",2.0343498278599,"Autophagy","Autophagy"
"KEGG_hsa04140","Autophagy",-1.6842504484627,0.000645932726758982,0.0294152984987175,"5/85","141/17332","6885/7249/29110/7248/8837","MAP3K7/TSC2/TBK1/TSC1/CFLAR",5,141,"Crossvalidation_Tcells_2019_Cell_Vredevoogd_100_IFNGR1deficient_D10_Bneg100",11,18,"Tcells","neg",1.53142674014792,"Autophagy","Autophagy"
"KEGG_hsa04140","Autophagy",-6.24252116328252,0.00112088366730143,0.0281480336676257,"5/96","141/17332","5594/55578/8837/5894/79065","MAPK1/SUPT20H/CFLAR/RAF1/ATG9A",5,141,"Crossvalidation_Tcells_2020_Nature_Lawson_100_4t1HAneg100",11,18,"Tcells","neg",1.55055193818836,"Autophagy","Autophagy"
"KEGG_hsa04140","Autophagy",-6.11881860113169,6.50605485196651e-08,6.40023858022101e-06,"9/93","141/17332","8837/64422/60673/598/29110/10533/6885/9140/9821","CFLAR/ATG3/ATG101/BCL2L1/TBK1/ATG7/MAP3K7/ATG12/RB1CC1",9,141,"Crossvalidation_Tcells_2020_Nature_Lawson_100_Ct26HAneg100",11,18,"Tcells","neg",5.19380383661889,"Autophagy","Autophagy"
"KEGG_hsa04140","Autophagy",-11.1062883393812,3.36073339218009e-14,3.81107166673222e-11,"14/95","141/17332","10533/64422/9474/60673/9140/598/83734/29110/9776/22863/9821/55054/55014/26100","ATG7/ATG3/ATG5/ATG101/ATG12/BCL2L1/ATG10/TBK1/ATG13/ATG14/RB1CC1/ATG16L1/STX17/WIPI2",14,141,"Crossvalidation_Tcells_2020_Nature_Lawson_100_Emt6HAneg100",11,18,"Tcells","neg",10.4189528842969,"Autophagy","Autophagy"
"KEGG_hsa04140","Autophagy",-9.69655569111836,5.25493377918936e-14,2.93882171601165e-11,"14/98","141/17332","83734/64422/10533/9474/9140/79065/29110/60673/9776/23130/22863/26100/8837/9821","ATG10/ATG3/ATG7/ATG5/ATG12/ATG9A/TBK1/ATG101/ATG13/ATG2A/ATG14/WIPI2/CFLAR/RB1CC1",14,141,"Crossvalidation_Tcells_2020_Nature_Lawson_100_RencaHAneg100",11,18,"Tcells","neg",10.5318267596575,"Autophagy","Autophagy"
"KEGG_hsa04140","Autophagy",-5.08441378550887,6.33834874726421e-09,6.15806422490117e-07,"10/97","141/17332","6885/79065/9140/8837/9474/5594/29110/5861/9776/26100","MAP3K7/ATG9A/ATG12/CFLAR/ATG5/MAPK1/TBK1/RAB1A/ATG13/WIPI2",10,141,"Crossvalidation_Tcells_2020_ScienceImmunology_Young_100_MC38neg100",11,18,"Tcells","neg",6.21055578597931,"Autophagy","Autophagy"
"KEGG_hsa04140","Autophagy",-23664.9974583917,1.41742593949681e-05,0.00101431000230391,"7/97","141/17332","29110/9821/79065/60673/9776/8408/81671","TBK1/RB1CC1/ATG9A/ATG101/ATG13/ULK1/VMP1",7,141,"Crossvalidation_Tcells_2022_CellReportMedicine_Zhang_100_D10_Tneg100",11,18,"Tcells","neg",2.99382929183294,"Autophagy","Autophagy"
"KEGG_hsa04140","Autophagy",-3.24181545339905,1.02852069652413e-07,2.33474198110977e-05,"9/98","141/17332","11345/6794/9474/598/8837/83734/6885/29110/9140","GABARAPL2/STK11/ATG5/BCL2L1/CFLAR/ATG10/MAP3K7/TBK1/ATG12",9,141,"Crossvalidation_Tcells_2022_NatureCommunication_Frey_100_KPC_OTIneg100",11,18,"Tcells","neg",4.63176110754834,"Autophagy","Autophagy"
"KEGG_hsa04140","Autophagy",-6.12880654818921,1.55754993781842e-06,0.000153000631102467,"8/100","141/17332","29110/55578/83734/5861/9474/8837/6885/29982","TBK1/SUPT20H/ATG10/RAB1A/ATG5/CFLAR/MAP3K7/NRBF2",8,141,"Crossvalidation_Tcells_2023_CancerDiscovery_Ito_100_B16_OT1neg100",11,18,"Tcells","neg",3.81530677778532,"Autophagy","Autophagy"
"GOBP_REGULATION_OF_RESPONSE_TO_CYTOKINE_STIMULUS","Regulation Of Response To Cytokine Stimulus",-10.5192765595706,6.32160656900615e-05,0.00606196915635054,"7/97","178/17332","90268/3551/8772/11274/5771/5781/11277","OTULIN/IKBKB/FADD/USP18/PTPN2/PTPN11/TREX1",7,178,"Crossvalidation_Tcells_2018_Science_Pan_100_B16_OT_Ineg100",10,18,"Tcells","neg",2.2173862776782,"Regulation Of Response To Cytokine Stimulus","Response to Cytokine Stimulus"
"GOBP_REGULATION_OF_RESPONSE_TO_CYTOKINE_STIMULUS","Regulation Of Response To Cytokine Stimulus",-7.19709812983364,0.000465560873911916,0.0167827185998892,"6/96","178/17332","103/7128/8651/3326/11140/56339","ADAR/TNFAIP3/SOCS1/HSP90AB1/CDC37/METTL3",6,178,"Crossvalidation_Tcells_2020_Nature_Lawson_100_4t1HAneg100",10,18,"Tcells","neg",1.77513768729172,"Regulation Of Response To Cytokine Stimulus","Response to Cytokine Stimulus"
"GOBP_REGULATION_OF_RESPONSE_TO_CYTOKINE_STIMULUS","Regulation Of Response To Cytokine Stimulus",-4.14330902724697,0.000309590970866342,0.0335700136348924,"6/89","178/17332","5771/103/8651/51441/10019/81030","PTPN2/ADAR/SOCS1/YTHDF2/SH2B3/ZBP1",6,178,"Crossvalidation_Tcells_2020_Nature_Lawson_100_B16OVAneg100",10,18,"Tcells","neg",1.47404848235767,"Regulation Of Response To Cytokine Stimulus","Response to Cytokine Stimulus"
"GOBP_REGULATION_OF_RESPONSE_TO_CYTOKINE_STIMULUS","Regulation Of Response To Cytokine Stimulus",-4.4554927365761,0.000392610350423212,0.0086522431942323,"6/93","178/17332","8651/29110/5771/11274/7128/7186","SOCS1/TBK1/PTPN2/USP18/TNFAIP3/TRAF2",6,178,"Crossvalidation_Tcells_2020_Nature_Lawson_100_Ct26HAneg100",10,18,"Tcells","neg",2.06287128206365,"Regulation Of Response To Cytokine Stimulus","Response to Cytokine Stimulus"
"GOBP_REGULATION_OF_RESPONSE_TO_CYTOKINE_STIMULUS","Regulation Of Response To Cytokine Stimulus",-8.12550980201212,5.53204070531035e-05,0.00139407425773821,"7/95","178/17332","3551/11274/29110/5771/103/7186/8651","IKBKB/USP18/TBK1/PTPN2/ADAR/TRAF2/SOCS1",7,178,"Crossvalidation_Tcells_2020_Nature_Lawson_100_Emt6HAneg100",10,18,"Tcells","neg",2.85571409218707,"Regulation Of Response To Cytokine Stimulus","Response to Cytokine Stimulus"
"GOBP_REGULATION_OF_RESPONSE_TO_CYTOKINE_STIMULUS","Regulation Of Response To Cytokine Stimulus",-5.49926632519234,0.00258436195607106,0.0377748322291509,"5/92","178/17332","90268/5771/857/7128/8970","OTULIN/PTPN2/CAV1/TNFAIP3/H2BC11",5,178,"Crossvalidation_Tcells_2020_Nature_Lawson_100_Mc38OVAneg100",10,18,"Tcells","neg",1.42279745583383,"Regulation Of Response To Cytokine Stimulus","Response to Cytokine Stimulus"
"GOBP_REGULATION_OF_RESPONSE_TO_CYTOKINE_STIMULUS","Regulation Of Response To Cytokine Stimulus",-5.5680827565492,0.000519779951915041,0.00887593704148052,"6/98","178/17332","8651/29110/8772/7186/5771/7128","SOCS1/TBK1/FADD/TRAF2/PTPN2/TNFAIP3",6,178,"Crossvalidation_Tcells_2020_Nature_Lawson_100_RencaHAneg100",10,18,"Tcells","neg",2.05178578695316,"Regulation Of Response To Cytokine Stimulus","Response to Cytokine Stimulus"
"GOBP_REGULATION_OF_RESPONSE_TO_CYTOKINE_STIMULUS","Regulation Of Response To Cytokine Stimulus",-5.13391203327542,6.32160656900615e-05,0.00119951156578285,"7/97","178/17332","5788/81858/5781/3551/29110/7128/103","PTPRC/SHARPIN/PTPN11/IKBKB/TBK1/TNFAIP3/ADAR",7,178,"Crossvalidation_Tcells_2020_ScienceImmunology_Young_100_MC38neg100",10,18,"Tcells","neg",2.92099556017514,"Regulation Of Response To Cytokine Stimulus","Response to Cytokine Stimulus"
"GOBP_REGULATION_OF_RESPONSE_TO_CYTOKINE_STIMULUS","Regulation Of Response To Cytokine Stimulus",-4.14953473582639,6.50495624258512e-08,1.96883342275576e-05,"10/98","178/17332","7128/103/7186/5771/345611/8651/81858/90268/29110/3326","TNFAIP3/ADAR/TRAF2/PTPN2/IRGM/SOCS1/SHARPIN/OTULIN/TBK1/HSP90AB1",10,178,"Crossvalidation_Tcells_2022_NatureCommunication_Frey_100_KPC_OTIneg100",10,18,"Tcells","neg",4.70579102669494,"Regulation Of Response To Cytokine Stimulus","Response to Cytokine Stimulus"
"GOBP_REGULATION_OF_RESPONSE_TO_CYTOKINE_STIMULUS","Regulation Of Response To Cytokine Stimulus",-8.39317404462822,7.89901074256362e-08,2.28732782502521e-05,"10/100","178/17332","5771/11274/29110/8772/8737/8651/90268/103/11277/841","PTPN2/USP18/TBK1/FADD/RIPK1/SOCS1/OTULIN/ADAR/TREX1/CASP8",10,178,"Crossvalidation_Tcells_2023_CancerDiscovery_Ito_100_B16_OT1neg100",10,18,"Tcells","neg",4.64067158685962,"Regulation Of Response To Cytokine Stimulus","Response to Cytokine Stimulus"
"GOBP_LIPOPROTEIN_BIOSYNTHETIC_PROCESS","Lipoprotein Biosynthetic Process",-7.75026275643841,1.81388899145927e-05,0.00376909631318808,"6/94","101/17332","94005/128869/9474/10026/8733/9776","PIGS/PIGU/ATG5/PIGK/GPAA1/ATG13",6,101,"Crossvalidation_Tcells_2018_Science_Pan_100_B16_Pmel_1neg100",7,18,"Tcells","neg",2.42376276471232,"Lipoprotein Biosynthetic Process","Lipoprotein Biosynthetic Process"
"GOBP_LIPOPROTEIN_BIOSYNTHETIC_PROCESS","Lipoprotein Biosynthetic Process",-5.03644216863598,2.08282398058509e-16,1.62182560621559e-13,"14/93","101/17332","5279/60673/10533/5277/5283/9140/84720/54965/9487/93183/84992/10026/284098/9821","PIGC/ATG101/ATG7/PIGA/PIGH/ATG12/PIGO/PIGX/PIGL/PIGM/PIGY/PIGK/PIGW/RB1CC1",14,101,"Crossvalidation_Tcells_2020_Nature_Lawson_100_Ct26HAneg100",7,18,"Tcells","neg",12.7899958469992,"Lipoprotein Biosynthetic Process","Lipoprotein Biosynthetic Process"
"GOBP_LIPOPROTEIN_BIOSYNTHETIC_PROCESS","Lipoprotein Biosynthetic Process",-9.5047814280131,9.48668723956386e-15,2.15158066593308e-11,"13/95","101/17332","10533/9474/60673/9140/83734/9776/5279/9821/55054/10026/5283/5277/26100","ATG7/ATG5/ATG101/ATG12/ATG10/ATG13/PIGC/RB1CC1/ATG16L1/PIGK/PIGH/PIGA/WIPI2",13,101,"Crossvalidation_Tcells_2020_Nature_Lawson_100_Emt6HAneg100",7,18,"Tcells","neg",10.6672423669354,"Lipoprotein Biosynthetic Process","Lipoprotein Biosynthetic Process"
"GOBP_LIPOPROTEIN_BIOSYNTHETIC_PROCESS","Lipoprotein Biosynthetic Process",-8.2634226459082,1.02570684096816e-07,1.0926220015456e-05,"8/98","101/17332","83734/10533/9474/9140/60673/9776/26100/9821","ATG10/ATG7/ATG5/ATG12/ATG101/ATG13/WIPI2/RB1CC1",8,101,"Crossvalidation_Tcells_2020_Nature_Lawson_100_RencaHAneg100",7,18,"Tcells","neg",4.96153005857739,"Lipoprotein Biosynthetic Process","Lipoprotein Biosynthetic Process"
"GOBP_LIPOPROTEIN_BIOSYNTHETIC_PROCESS","Lipoprotein Biosynthetic Process",-2.10910781913473,0.00248634730902466,0.0232257279975429,"4/97","101/17332","9140/9474/9776/26100","ATG12/ATG5/ATG13/WIPI2",4,101,"Crossvalidation_Tcells_2020_ScienceImmunology_Young_100_MC38neg100",7,18,"Tcells","neg",1.63403066440168,"Lipoprotein Biosynthetic Process","Lipoprotein Biosynthetic Process"
"GOBP_LIPOPROTEIN_BIOSYNTHETIC_PROCESS","Lipoprotein Biosynthetic Process",-3.12531054348974,5.52742422809772e-09,2.50945059955636e-06,"9/98","101/17332","8733/345611/9474/94005/10026/83734/128869/9140/22930","GPAA1/IRGM/ATG5/PIGS/PIGK/ATG10/PIGU/ATG12/RAB3GAP1",9,101,"Crossvalidation_Tcells_2022_NatureCommunication_Frey_100_KPC_OTIneg100",7,18,"Tcells","neg",5.60042134931496,"Lipoprotein Biosynthetic Process","Lipoprotein Biosynthetic Process"
"GOBP_LIPOPROTEIN_BIOSYNTHETIC_PROCESS","Lipoprotein Biosynthetic Process",-5.48595654326032,1.90061303884347e-06,0.000160522609572321,"7/100","101/17332","10026/51604/8733/83734/128869/9474/94005","PIGK/PIGT/GPAA1/ATG10/PIGU/ATG5/PIGS",7,101,"Crossvalidation_Tcells_2023_CancerDiscovery_Ito_100_B16_OT1neg100",7,18,"Tcells","neg",3.79446378867376,"Lipoprotein Biosynthetic Process","Lipoprotein Biosynthetic Process"
"GOBP_REGULATION_OF_APOPTOTIC_SIGNALING_PATHWAY","Regulation Of Apoptotic Signaling Pathway",-10.6207168722127,0.00105142672938566,0.0266328374377406,"8/97","367/17332","5970/8772/5771/3685/51024/8837/5894/8678","RELA/FADD/PTPN2/ITGAV/FIS1/CFLAR/RAF1/BECN1",8,367,"Crossvalidation_Tcells_2018_Science_Pan_100_B16_OT_Ineg100",7,18,"Tcells","neg",1.57458256176579,"Regulation Of Apoptotic Signaling Pathway","Apoptotic Signaling Pathway"
"GOBP_REGULATION_OF_APOPTOTIC_SIGNALING_PATHWAY","Regulation Of Apoptotic Signaling Pathway",-6.57095392249904,2.71998702292016e-05,0.00111471748869149,"10/93","367/17332","8837/598/5771/10616/7417/3065/7128/51024/7186/9821","CFLAR/BCL2L1/PTPN2/RBCK1/VDAC2/HDAC1/TNFAIP3/FIS1/TRAF2/RB1CC1",10,367,"Crossvalidation_Tcells_2020_Nature_Lawson_100_Ct26HAneg100",7,18,"Tcells","neg",2.95283518521543,"Regulation Of Apoptotic Signaling Pathway","Apoptotic Signaling Pathway"
"GOBP_REGULATION_OF_APOPTOTIC_SIGNALING_PATHWAY","Regulation Of Apoptotic Signaling Pathway",-9.30774564754076,3.27693573337706e-05,0.000917542005345576,"10/95","367/17332","5970/598/5771/7417/51530/3622/3065/9821/7186/5499","RELA/BCL2L1/PTPN2/VDAC2/ZC3HC1/ING2/HDAC1/RB1CC1/TRAF2/PPP1CA",10,367,"Crossvalidation_Tcells_2020_Nature_Lawson_100_Emt6HAneg100",7,18,"Tcells","neg",3.03737404449036,"Regulation Of Apoptotic Signaling Pathway","Apoptotic Signaling Pathway"
"GOBP_REGULATION_OF_APOPTOTIC_SIGNALING_PATHWAY","Regulation Of Apoptotic Signaling Pathway",-6.15189691001494,0.000143493411366299,0.00500460867026768,"9/92","367/17332","51079/5771/857/7128/84231/81618/10616/317/10018","NDUFA13/PTPN2/CAV1/TNFAIP3/TRAF7/ITM2C/RBCK1/APAF1/BCL2L11",9,367,"Crossvalidation_Tcells_2020_Nature_Lawson_100_Mc38OVAneg100",7,18,"Tcells","neg",2.30062987602438,"Regulation Of Apoptotic Signaling Pathway","Apoptotic Signaling Pathway"
"GOBP_REGULATION_OF_APOPTOTIC_SIGNALING_PATHWAY","Regulation Of Apoptotic Signaling Pathway",-5.6287895738516,0.000232609239993425,0.00490893273457823,"9/98","367/17332","8772/7186/7417/10616/27166/5771/8837/9821/7128","FADD/TRAF2/VDAC2/RBCK1/PRELID1/PTPN2/CFLAR/RB1CC1/TNFAIP3",9,367,"Crossvalidation_Tcells_2020_Nature_Lawson_100_RencaHAneg100",7,18,"Tcells","neg",2.30901291884771,"Regulation Of Apoptotic Signaling Pathway","Apoptotic Signaling Pathway"
"GOBP_REGULATION_OF_APOPTOTIC_SIGNALING_PATHWAY","Regulation Of Apoptotic Signaling Pathway",-5.8138239433774,0.00105142672938566,0.0122377399739836,"8/97","367/17332","5788/8837/5970/10616/2023/7128/7178/3065","PTPRC/CFLAR/RELA/RBCK1/ENO1/TNFAIP3/TPT1/HDAC1",8,367,"Crossvalidation_Tcells_2020_ScienceImmunology_Young_100_MC38neg100",7,18,"Tcells","neg",1.91229877887787,"Regulation Of Apoptotic Signaling Pathway","Apoptotic Signaling Pathway"
"GOBP_REGULATION_OF_APOPTOTIC_SIGNALING_PATHWAY","Regulation Of Apoptotic Signaling Pathway",-2.88875129311128,0.00479839154836518,0.0491384157058149,"7/98","367/17332","7128/7186/5771/598/8837/3624/10616","TNFAIP3/TRAF2/PTPN2/BCL2L1/CFLAR/INHBA/RBCK1",7,367,"Crossvalidation_Tcells_2022_NatureCommunication_Frey_100_KPC_OTIneg100",7,18,"Tcells","neg",1.30857884991768,"Regulation Of Apoptotic Signaling Pathway","Apoptotic Signaling Pathway"
"REACTOME_983170","Antigen Presentation: Folding, Assembly And Peptide Loading Of Class I Mhc",19.6128609515999,1.09853538863107e-07,2.63785810195035e-05,"5/83","25/17332","567/6891/6892/6890/3105","B2M/TAP2/TAPBP/TAP1/HLA-A",5,25,"Crossvalidation_MHCregulators_2019_CellReport_Freeman_100_MHClowpos100",11,11,"MHCregulators","pos",4.57874857012303,"Antigen Presentation: Folding, Assembly And Peptide Loading Of Class I Mhc","Antigen Presentation via MHC-I"
"REACTOME_983170","Antigen Presentation: Folding, Assembly And Peptide Loading Of Class I Mhc",3.63915076018255,0.000336171530183669,0.0101968170089694,"3/95","25/17332","567/6891/6892","B2M/TAP2/TAPBP",3,25,"Crossvalidation_MHCregulators_2019_eLIFE_Pech_100_MHCpos100",11,11,"MHCregulators","pos",1.99153537443151,"Antigen Presentation: Folding, Assembly And Peptide Loading Of Class I Mhc","Antigen Presentation via MHC-I"
"REACTOME_983170","Antigen Presentation: Folding, Assembly And Peptide Loading Of Class I Mhc",12.4746150111816,1.47511287438739e-07,5.69983614663288e-05,"5/88","25/17332","567/3105/6890/6892/6891","B2M/HLA-A/TAP1/TAPBP/TAP2",5,25,"Crossvalidation_MHCregulators_2021_CancerDiscovery_Gu_100_MHC_lowpos100",11,11,"MHCregulators","pos",4.24413762882505,"Antigen Presentation: Folding, Assembly And Peptide Loading Of Class I Mhc","Antigen Presentation via MHC-I"
"REACTOME_983170","Antigen Presentation: Folding, Assembly And Peptide Loading Of Class I Mhc",28.1702185687662,4.88198028668721e-11,3.40436758658322e-08,"7/94","25/17332","6890/6891/6892/2923/3106/811/567","TAP1/TAP2/TAPBP/PDIA3/HLA-B/CALR/B2M",7,25,"Crossvalidation_MHCregulators_2021_Immunity_Dersh_100_BJABpos100",11,11,"MHCregulators","pos",7.46796355310984,"Antigen Presentation: Folding, Assembly And Peptide Loading Of Class I Mhc","Antigen Presentation via MHC-I"
"REACTOME_983170","Antigen Presentation: Folding, Assembly And Peptide Loading Of Class I Mhc",23.4940888934651,4.27022440659697e-09,2.82119492462506e-06,"6/97","25/17332","6890/6891/6892/567/3106/2923","TAP1/TAP2/TAPBP/B2M/HLA-B/PDIA3",6,25,"Crossvalidation_MHCregulators_2021_Immunity_Dersh_100_HBL1pos100",11,11,"MHCregulators","pos",5.54956690612948,"Antigen Presentation: Folding, Assembly And Peptide Loading Of Class I Mhc","Antigen Presentation via MHC-I"
"REACTOME_983170","Antigen Presentation: Folding, Assembly And Peptide Loading Of Class I Mhc",30.9471055516109,2.37355192971587e-11,2.37473870568073e-08,"7/85","25/17332","6892/6890/3106/811/6891/567/2923","TAPBP/TAP1/HLA-B/CALR/TAP2/B2M/PDIA3",7,25,"Crossvalidation_MHCregulators_2021_Immunity_Dersh_100_SUDHL5pos100",11,11,"MHCregulators","pos",7.62438416916495,"Antigen Presentation: Folding, Assembly And Peptide Loading Of Class I Mhc","Antigen Presentation via MHC-I"
"REACTOME_983170","Antigen Presentation: Folding, Assembly And Peptide Loading Of Class I Mhc",19.8460317275866,4.18596310920266e-11,3.63341597878791e-08,"7/92","25/17332","6892/6891/6890/2923/3106/811/3107","TAPBP/TAP2/TAP1/PDIA3/HLA-B/CALR/HLA-C",7,25,"Crossvalidation_MHCregulators_2021_Immunity_Dersh_100_TMD8pos100",11,11,"MHCregulators","pos",7.43968487823133,"Antigen Presentation: Folding, Assembly And Peptide Loading Of Class I Mhc","Antigen Presentation via MHC-I"
"REACTOME_983170","Antigen Presentation: Folding, Assembly And Peptide Loading Of Class I Mhc",23.0121916334869,5.67447450829023e-11,9.9303303895079e-08,"7/96","25/17332","567/6892/6891/2923/811/6890/22872","B2M/TAPBP/TAP2/PDIA3/CALR/TAP1/SEC31A",7,25,"Crossvalidation_MHCregulators_2023_Cell_Chen_100_H2_Kb_OVApos100",11,11,"MHCregulators","pos",7.0030363019625,"Antigen Presentation: Folding, Assembly And Peptide Loading Of Class I Mhc","Antigen Presentation via MHC-I"
"REACTOME_983170","Antigen Presentation: Folding, Assembly And Peptide Loading Of Class I Mhc",5.27075640610495,0.000336171530183669,0.0082520697454252,"3/95","25/17332","6891/6890/6892","TAP2/TAP1/TAPBP",3,25,"Crossvalidation_MHCregulators_2023_Cell_Chen_100_HLA_A2_AFPpos100",11,11,"MHCregulators","pos",2.08343711008264,"Antigen Presentation: Folding, Assembly And Peptide Loading Of Class I Mhc","Antigen Presentation via MHC-I"
"REACTOME_983170","Antigen Presentation: Folding, Assembly And Peptide Loading Of Class I Mhc",8.24319162576673,4.18596310920266e-11,3.58527740303208e-08,"7/92","25/17332","6890/6891/6892/811/2923/567/3106","TAP1/TAP2/TAPBP/CALR/PDIA3/B2M/HLA-B",7,25,"Crossvalidation_MHCregulators_2023_Cell_Chen_100_HLA_ABCpos100",11,11,"MHCregulators","pos",7.44547723610629,"Antigen Presentation: Folding, Assembly And Peptide Loading Of Class I Mhc","Antigen Presentation via MHC-I"
"REACTOME_983170","Antigen Presentation: Folding, Assembly And Peptide Loading Of Class I Mhc",-1.23490816653956,5.72827255630721e-06,0.000997865079308716,"4/83","25/17332","567/6890/6892/3105","B2M/TAP1/TAPBP/HLA-A",4,25,"Crossvalidation_MHCregulators_2023_NatureCellBiology_Sparbier_100_HLA_Blowpos100",11,11,"MHCregulators","pos",3.0009281754189,"Antigen Presentation: Folding, Assembly And Peptide Loading Of Class I Mhc","Antigen Presentation via MHC-I"
"BIOCARTA_IFNA_PATHWAY","Ifna Pathway",13.7559614851934,0.000798076445262219,0.0268965763394513,"2/83","9/17332","6772/3716","STAT1/JAK1",2,9,"Crossvalidation_MHCregulators_2019_CellReport_Freeman_100_MHClowpos100",6,11,"MHCregulators","pos",1.57030299774898,"Ifna Pathway","IFNa Pathway"
"BIOCARTA_IFNA_PATHWAY","Ifna Pathway",9.0153305659472,0.00104375676186395,0.0191246681679029,"2/95","9/17332","3716/6772","JAK1/STAT1",2,9,"Crossvalidation_MHCregulators_2019_eLIFE_Pech_100_MHCpos100",6,11,"MHCregulators","pos",1.71840609155207,"Ifna Pathway","IFNa Pathway"
"BIOCARTA_IFNA_PATHWAY","Ifna Pathway",8.70093018723037,1.26744647102059e-05,0.00147305445409726,"3/94","9/17332","3716/3455/7297","JAK1/IFNAR2/TYK2",3,9,"Crossvalidation_MHCregulators_2021_Immunity_Dersh_100_BJABpos100",6,11,"MHCregulators","pos",2.83178119838694,"Ifna Pathway","IFNa Pathway"
"BIOCARTA_IFNA_PATHWAY","Ifna Pathway",9.0595894896893,0.00108781909494137,0.0490013055948588,"2/97","9/17332","7297/6773","TYK2/STAT2",2,9,"Crossvalidation_MHCregulators_2021_Immunity_Dersh_100_HBL1pos100",6,11,"MHCregulators","pos",1.30979234843906,"Ifna Pathway","IFNa Pathway"
"BIOCARTA_IFNA_PATHWAY","Ifna Pathway",2.42143300082869,0.000979328184876347,0.0349497745977746,"2/92","9/17332","6773/7297","STAT2/TYK2",2,9,"Crossvalidation_MHCregulators_2023_Cell_Chen_100_HLA_ABCpos100",6,11,"MHCregulators","pos",1.45655562081267,"Ifna Pathway","IFNa Pathway"
"BIOCARTA_IFNA_PATHWAY","Ifna Pathway",-15.6944871879319,0.000798076445262219,0.0272597876009174,"2/83","9/17332","6772/3716","STAT1/JAK1",2,9,"Crossvalidation_MHCregulators_2023_NatureCellBiology_Sparbier_100_HLA_Blowpos100",6,11,"MHCregulators","pos",1.56447753236447,"Ifna Pathway","IFNa Pathway"
"REACTOME_877300","Interferon Gamma Signaling",30.6598332336699,7.6833743912252e-09,2.95195244110872e-06,"8/83","86/17332","3459/6772/3460/567/3717/3716/3659/3105","IFNGR1/STAT1/IFNGR2/B2M/JAK2/JAK1/IRF1/HLA-A",8,86,"Crossvalidation_MHCregulators_2019_CellReport_Freeman_100_MHClowpos100",6,11,"MHCregulators","pos",5.5298906437089,"Interferon Gamma Signaling","IFNg Signaling"
"REACTOME_877300","Interferon Gamma Signaling",17.7867844165693,2.25651690672037e-08,6.61535539820189e-06,"8/95","86/17332","3460/3716/3659/567/6772/3717/3459/3660","IFNGR2/JAK1/IRF1/B2M/STAT1/JAK2/IFNGR1/IRF2",8,86,"Crossvalidation_MHCregulators_2019_eLIFE_Pech_100_MHCpos100",6,11,"MHCregulators","pos",5.17944681915118,"Interferon Gamma Signaling","IFNg Signaling"
"REACTOME_877300","Interferon Gamma Signaling",9.70717399007153,7.58214828534593e-05,0.00976580699152556,"5/88","86/17332","567/3105/3717/3460/3122","B2M/HLA-A/JAK2/IFNGR2/HLA-DRA",5,86,"Crossvalidation_MHCregulators_2021_CancerDiscovery_Gu_100_MHC_lowpos100",6,11,"MHCregulators","pos",2.0102918632327,"Interferon Gamma Signaling","IFNg Signaling"
"REACTOME_877300","Interferon Gamma Signaling",20.4688492780076,7.18240937063184e-06,0.00100170669355745,"6/94","86/17332","3394/3106/5777/3716/567/3659","IRF8/HLA-B/PTPN6/JAK1/B2M/IRF1",6,86,"Crossvalidation_MHCregulators_2021_Immunity_Dersh_100_BJABpos100",6,11,"MHCregulators","pos",2.99925942419407,"Interferon Gamma Signaling","IFNg Signaling"
"REACTOME_877300","Interferon Gamma Signaling",4.11211037121839,0.00113252688793591,0.0395922154904943,"4/92","86/17332","3394/567/3659/3106","IRF8/B2M/IRF1/HLA-B",4,86,"Crossvalidation_MHCregulators_2023_Cell_Chen_100_HLA_ABCpos100",6,11,"MHCregulators","pos",1.40239019543458,"Interferon Gamma Signaling","IFNg Signaling"
"REACTOME_877300","Interferon Gamma Signaling",-28.6905608044377,7.6833743912252e-09,4.46147939650477e-06,"8/83","86/17332","6772/3459/3717/3716/3460/3659/567/3105","STAT1/IFNGR1/JAK2/JAK1/IFNGR2/IRF1/B2M/HLA-A",8,86,"Crossvalidation_MHCregulators_2023_NatureCellBiology_Sparbier_100_HLA_Blowpos100",6,11,"MHCregulators","pos",5.35052110828259,"Interferon Gamma Signaling","IFNg Signaling"
"GOBP_RNA_SPLICING_VIA_TRANSESTERIFICATION_REACTIONS","Rna Splicing Via Transesterification Reactions",22.2313367899494,0.000362272110276183,0.0207461795803332,"8/94","322/17332","5725/6431/3185/10657/11157/3192/6651/3187","PTBP1/SRSF6/HNRNPF/KHDRBS1/LSM6/HNRNPU/SON/HNRNPH1",8,322,"Crossvalidation_MHCregulators_2021_Immunity_Dersh_100_BJABpos100",4,11,"MHCregulators","pos",1.68306186714179,"Rna Splicing Via Transesterification Reactions","RNA Splicing"
"GOBP_RNA_SPLICING_VIA_TRANSESTERIFICATION_REACTIONS","Rna Splicing Via Transesterification Reactions",20.7483106506048,1.28312438772691e-05,0.00169543502431649,"10/97","322/17332","55110/6431/60625/4154/84292/55094/1653/3187/9410/23210","MAGOHB/SRSF6/DHX35/MBNL1/WDR83/GPATCH1/DDX1/HNRNPH1/SNRNP40/JMJD6",10,322,"Crossvalidation_MHCregulators_2021_Immunity_Dersh_100_HBL1pos100",4,11,"MHCregulators","pos",2.77071884942557,"Rna Splicing Via Transesterification Reactions","RNA Splicing"
"GOBP_RNA_SPLICING_VIA_TRANSESTERIFICATION_REACTIONS","Rna Splicing Via Transesterification Reactions",7.3613397059755,2.264027476735e-10,1.27804351061691e-07,"15/95","322/17332","55660/58517/6651/3185/10084/84872/54883/10772/79760/1655/5411/10657/6433/3187/6626","PRPF40A/RBM25/SON/HNRNPF/PQBP1/ZC3H10/CWC25/SRSF10/GEMIN7/DDX5/PNN/KHDRBS1/SFSWAP/HNRNPH1/SNRPA",15,322,"Crossvalidation_MHCregulators_2023_Cell_Chen_100_HLA_A2_AFPpos100",4,11,"MHCregulators","pos",6.89345436049752,"Rna Splicing Via Transesterification Reactions","RNA Splicing"
"GOBP_RNA_SPLICING_VIA_TRANSESTERIFICATION_REACTIONS","Rna Splicing Via Transesterification Reactions",5.99143060993751,1.08078278567248e-06,0.000108904759520998,"11/92","322/17332","10659/4154/10657/3185/51341/6651/5411/51631/10421/1655/6431","CELF2/MBNL1/KHDRBS1/HNRNPF/ZBTB7A/SON/PNN/LUC7L2/CD2BP2/DDX5/SRSF6",11,322,"Crossvalidation_MHCregulators_2023_Cell_Chen_100_HLA_ABCpos100",4,11,"MHCregulators","pos",3.96295313963323,"Rna Splicing Via Transesterification Reactions","RNA Splicing"
"REACTOME_532668","N-Glycan Trimming In The Er And Calnexin/Calreticulin Cycle",10.3810587024806,7.70952203983842e-05,0.00743540570064416,"3/92","16/17332","23193/7841/5589","GANAB/MOGS/PRKCSH",3,16,"Crossvalidation_MHCregulators_2021_Immunity_Dersh_100_TMD8pos100",2,11,"MHCregulators","pos",2.12869532993367,"N-Glycan Trimming In The Er And Calnexin/Calreticulin Cycle","N-Glycan Trimming in the ER and Calnexin/Calreticulin Cycle"
"REACTOME_532668","N-Glycan Trimming In The Er And Calnexin/Calreticulin Cycle",3.95110190283303,7.70952203983842e-05,0.00388423860418918,"3/92","16/17332","7841/23193/5589","MOGS/GANAB/PRKCSH",3,16,"Crossvalidation_MHCregulators_2023_Cell_Chen_100_HLA_ABCpos100",2,11,"MHCregulators","pos",2.41069409974758,"N-Glycan Trimming In The Er And Calnexin/Calreticulin Cycle","N-Glycan Trimming in the ER and Calnexin/Calreticulin Cycle"
"GOBP_NEGATIVE_REGULATION_OF_TOR_SIGNALING","Negative Regulation Of Tor Signaling",-12.9376275175013,0.00174782714947901,0.0374816774092619,"3/92","45/17332","7249/55654/7248","TSC2/TMEM127/TSC1",3,45,"Crossvalidation_MHCregulators_2021_Immunity_Dersh_100_BJABneg100",4,13,"MHCregulators","neg",1.42618098146395,"Negative Regulation Of Tor Signaling","Negative Regulation of TOR Signaling"
"GOBP_NEGATIVE_REGULATION_OF_TOR_SIGNALING","Negative Regulation Of Tor Signaling",-18.6159885887165,3.90121708241635e-06,0.00200034905900898,"5/92","45/17332","7249/55654/7248/96459/54541","TSC2/TMEM127/TSC1/FNIP1/DDIT4",5,45,"Crossvalidation_MHCregulators_2021_Immunity_Dersh_100_SUDHL5neg100",4,13,"MHCregulators","neg",2.69889421374894,"Negative Regulation Of Tor Signaling","Negative Regulation of TOR Signaling"
"GOBP_NEGATIVE_REGULATION_OF_TOR_SIGNALING","Negative Regulation Of Tor Signaling",-9.2012461282795,9.7803082839365e-05,0.0355153418349892,"4/93","45/17332","55654/7249/10641/7248","TMEM127/TSC2/NPRL2/TSC1",4,45,"Crossvalidation_MHCregulators_2023_Cell_Chen_100_H2_Kb_OVAneg100",4,13,"MHCregulators","neg",1.44958400088957,"Negative Regulation Of Tor Signaling","Negative Regulation of TOR Signaling"
"GOBP_NEGATIVE_REGULATION_OF_TOR_SIGNALING","Negative Regulation Of Tor Signaling",-4.32506181575951,9.7803082839365e-05,0.00511021107835682,"4/93","45/17332","55654/3091/7249/96459","TMEM127/HIF1A/TSC2/FNIP1",4,45,"Crossvalidation_MHCregulators_2023_Cell_Chen_100_HLA_A2_AFPneg100",4,13,"MHCregulators","neg",2.29156116086874,"Negative Regulation Of Tor Signaling","Negative Regulation of TOR Signaling"
"GOBP_CARBOHYDRATE_BIOSYNTHETIC_PROCESS","Carbohydrate Biosynthetic Process",-9.60319577159145,0.00065804583728693,0.0291044273177191,"6/87","210/17332","7360/60343/9334/5771/10678/2033","UGP2/FAM3A/B4GALT5/PTPN2/B3GNT2/EP300",6,210,"Crossvalidation_MHCregulators_2019_eLIFE_Pech_100_MHCneg100",3,13,"MHCregulators","neg",1.53604094182495,"Carbohydrate Biosynthetic Process","Carbohydrate Biosynthetic Process"
"GOBP_CARBOHYDRATE_BIOSYNTHETIC_PROCESS","Carbohydrate Biosynthetic Process",-20.6979048747264,9.59743594790538e-05,0.0141615921953024,"7/88","210/17332","10678/4247/2821/9526/4485/60343/7360","B3GNT2/MGAT2/GPI/MPDU1/MST1/FAM3A/UGP2",7,210,"Crossvalidation_MHCregulators_2021_Immunity_Dersh_100_HBL1neg100",3,13,"MHCregulators","neg",1.84888791594281,"Carbohydrate Biosynthetic Process","Carbohydrate Biosynthetic Process"
"GOBP_CARBOHYDRATE_BIOSYNTHETIC_PROCESS","Carbohydrate Biosynthetic Process",-8.55321412829933,0.000145564049709566,0.00662129805601974,"7/94","210/17332","60343/7874/7360/10678/9334/2033/54187","FAM3A/USP7/UGP2/B3GNT2/B4GALT5/EP300/NANS",7,210,"Crossvalidation_MHCregulators_2023_Cell_Chen_100_HLA_ABCneg100",3,13,"MHCregulators","neg",2.17905686202486,"Carbohydrate Biosynthetic Process","Carbohydrate Biosynthetic Process"
"GOBP_GLYCOSYLATION","Glycosylation",-21.3947376986219,3.65620885027788e-05,0.00883583805483821,"8/88","247/17332","10678/11282/4247/9526/746/10724/57171/8703","B3GNT2/MGAT4B/MGAT2/MPDU1/TMEM258/OGA/DOLPP1/B4GALT3",8,247,"Crossvalidation_MHCregulators_2021_Immunity_Dersh_100_HBL1neg100",3,13,"MHCregulators","neg",2.05375225257139,"Glycosylation","Glycosylation"
"GOBP_GLYCOSYLATION","Glycosylation",-4.88457166038545,0.000366691905004388,0.0130009738233132,"7/93","247/17332","25839/56886/83548/10195/84342/9382/79087","COG4/UGGT1/COG3/ALG3/COG8/COG1/ALG12",7,247,"Crossvalidation_MHCregulators_2023_Cell_Chen_100_HLA_A2_AFPneg100",3,13,"MHCregulators","neg",1.88602411613536,"Glycosylation","Glycosylation"
"GOBP_GLYCOSYLATION","Glycosylation",-15.1764867179909,6.01084284345821e-21,1.06632352042949e-17,"22/94","247/17332","84002/1603/29880/2673/10678/100128731/9334/22845/8703/5373/1650/54187/83548/84342/746/29929/85365/440138/3703/91949/5238/55858","B3GNT5/DAD1/ALG5/GFPT1/B3GNT2/OST4/B4GALT5/DOLK/B4GALT3/PMM2/DDOST/NANS/COG3/COG8/TMEM258/ALG6/ALG2/ALG11/STT3A/COG7/PGM3/TMEM165",22,247,"Crossvalidation_MHCregulators_2023_Cell_Chen_100_HLA_ABCneg100",3,13,"MHCregulators","neg",16.9721110112372,"Glycosylation","Glycosylation"
"GOBP_HISTONE_UBIQUITINATION","Histone Ubiquitination",-22.01504135394,5.8079092598732e-09,8.20386836109529e-06,"7/92","48/17332","7324/84759/23512/23326/54880/56970/7334","UBE2E1/PCGF1/SUZ12/USP22/BCOR/ATXN7L3/UBE2N",7,48,"Crossvalidation_MHCregulators_2021_Immunity_Dersh_100_SUDHL5neg100",3,13,"MHCregulators","neg",5.08598131691759,"Histone Ubiquitination","Histone Ubiquitination"
"GOBP_HISTONE_UBIQUITINATION","Histone Ubiquitination",-4.03544984924204,5.69443923064172e-06,0.000486874554219867,"5/93","48/17332","56970/84759/6015/7334/29128","ATXN7L3/PCGF1/RING1/UBE2N/UHRF1",5,48,"Crossvalidation_MHCregulators_2023_Cell_Chen_100_HLA_A2_AFPneg100",3,13,"MHCregulators","neg",3.31258292262124,"Histone Ubiquitination","Histone Ubiquitination"
"GOBP_HISTONE_UBIQUITINATION","Histone Ubiquitination",-4.30725847491096,0.00223937827075237,0.0354701522528098,"3/94","48/17332","29128/84759/6015","UHRF1/PCGF1/RING1",3,48,"Crossvalidation_MHCregulators_2023_Cell_Chen_100_HLA_ABCneg100",3,13,"MHCregulators","neg",1.45013694734951,"Histone Ubiquitination","Histone Ubiquitination"
"GOBP_MACROAUTOPHAGY","Macroautophagy",-23.4130798820942,7.44541523386224e-07,0.000416541916451647,"11/92","310/17332","7249/23049/65082/7879/5289/51382/7248/57724/9821/51652/60673","TSC2/SMG1/VPS33A/RAB7A/PIK3C3/ATP6V1D/TSC1/EPG5/RB1CC1/CHMP3/ATG101",11,310,"Crossvalidation_MHCregulators_2021_Immunity_Dersh_100_BJABneg100",3,13,"MHCregulators","neg",3.38034128917271,"Macroautophagy","Macroautophagy"
"GOBP_MACROAUTOPHAGY","Macroautophagy",-26.6746289881638,3.94620480521955e-05,0.00899296228389477,"9/92","310/17332","3064/7249/79876/9146/23376/7879/51510/7248/55737","HTT/TSC2/UBA5/HGS/UFL1/RAB7A/CHMP5/TSC1/VPS35",9,310,"Crossvalidation_MHCregulators_2021_Immunity_Dersh_100_SUDHL5neg100",3,13,"MHCregulators","neg",2.0460972279955,"Macroautophagy","Macroautophagy"
"GOBP_MACROAUTOPHAGY","Macroautophagy",-6.17055895924984,0.00148396701455747,0.0277111314086837,"7/94","310/17332","3064/27072/55737/29979/3091/5861/23339","HTT/VPS41/VPS35/UBQLN1/HIF1A/RAB1A/VPS39",7,310,"Crossvalidation_MHCregulators_2023_Cell_Chen_100_HLA_ABCneg100",3,13,"MHCregulators","neg",1.557345742189,"Macroautophagy","Macroautophagy"
"GOBP_PROTEIN_METHYLATION","Protein Methylation",-10.9851045717176,7.14737416779938e-07,0.00018309055824434,"9/87","200/17332","4221/23512/79447/84444/10919/2146/8726/10664/9869","MEN1/SUZ12/PAGR1/DOT1L/EHMT2/EZH2/EED/CTCF/SETDB1",9,200,"Crossvalidation_MHCregulators_2019_eLIFE_Pech_100_MHCneg100",3,13,"MHCregulators","neg",3.73733405115494,"Protein Methylation","Protein Methylation"
"GOBP_PROTEIN_METHYLATION","Protein Methylation",-25.6524418410615,0.000685557899762373,0.0468693084137542,"6/92","200/17332","4221/2146/8726/23512/54880/51451","MEN1/EZH2/EED/SUZ12/BCOR/LCMT1",6,200,"Crossvalidation_MHCregulators_2021_Immunity_Dersh_100_SUDHL5neg100",3,13,"MHCregulators","neg",1.32911145472187,"Protein Methylation","Protein Methylation"
"GOBP_PROTEIN_METHYLATION","Protein Methylation",10.6033481238682,7.59812992536414e-05,0.0169666241233381,"7/89","200/17332","4221/2146/22823/23512/8726/84444/7403","MEN1/EZH2/MTF2/SUZ12/EED/DOT1L/KDM6A",7,200,"Crossvalidation_MHCregulators_2023_NatureCellBiology_Sparbier_100_HLA_ABChighneg100",3,13,"MHCregulators","neg",1.77040456136263,"Protein Methylation","Protein Methylation"
"GOBP_SIGNAL_TRANSDUCTION_BY_P53_CLASS_MEDIATOR","Signal Transduction By P53 Class Mediator",6.3395830777443,0.000335755351437943,0.0229627464266037,"6/94","171/17332","3190/4101/23212/6167/266740/10419","HNRNPK/MAGEA2/RRS1/RPL37/MAGEA2B/PRMT5",6,171,"Crossvalidation_NKcells_2019_eLIFE_Pech_100_K562pos100",2,13,"NKcells","pos",1.63897616999414,"Signal Transduction By P53 Class Mediator","Signal Transduction by P53 Class Mediator"
"GOBP_SIGNAL_TRANSDUCTION_BY_P53_CLASS_MEDIATOR","Signal Transduction By P53 Class Mediator",NA,0.00238608400029993,0.0252779029900769,"5/94","171/17332","1859/5366/7994/29035/581","DYRK1A/PMAIP1/KAT6A/C16orf72/BAX",5,171,"Crossvalidation_NKcells_2022_CellReportMedicine_Zhang_100_D10_NKpos100",2,13,"NKcells","pos",1.59725895719396,"Signal Transduction By P53 Class Mediator","Signal Transduction by P53 Class Mediator"
"PID_TELOMERASE_PATHWAY","Telomerase Pathway",8.36424707191091,0.000478886347969345,0.025975456046751,"4/94","67/17332","5928/1736/5883/26277","RBBP4/DKC1/RAD9A/TINF2",4,67,"Crossvalidation_NKcells_2019_eLIFE_Pech_100_K562pos100",2,13,"NKcells","pos",1.58543681886804,"Telomerase Pathway","Telomerase Pathway"
"PID_TELOMERASE_PATHWAY","Telomerase Pathway",NA,0.00575965584678042,0.0428617333873905,"3/94","67/17332","3659/6670/6667","IRF1/SP3/SP1",3,67,"Crossvalidation_NKcells_2022_CellReportMedicine_Zhang_100_D10_NKpos100",2,13,"NKcells","pos",1.36793026947346,"Telomerase Pathway","Telomerase Pathway"
"REACTOME_877300","Interferon Gamma Signaling",-20.117084044015,6.34008468410343e-06,0.0021311741802422,"6/92","86/17332","3717/3716/3460/8651/567/3459","JAK2/JAK1/IFNGR2/SOCS1/B2M/IFNGR1",6,86,"Crossvalidation_NKcells_2019_CellReport_Freeman_100_B16_F10neg100",5,13,"NKcells","neg",2.67138105407429,"Interferon Gamma Signaling","IFNg Signaling"
"REACTOME_877300","Interferon Gamma Signaling",-4.43654927770261,5.22842848652726e-06,0.00348561899101817,"6/89","86/17332","3383/3460/3716/3717/6772/3459","ICAM1/IFNGR2/JAK1/JAK2/STAT1/IFNGR1",6,86,"Crossvalidation_NKcells_2019_eLIFE_Pech_100_K562neg100",5,13,"NKcells","neg",2.45772008685933,"Interferon Gamma Signaling","IFNg Signaling"
"REACTOME_877300","Interferon Gamma Signaling",-5.40865111594041,9.37121586566986e-05,0.00831624012429873,"5/92","86/17332","3133/3107/3659/6772/3716","HLA-E/HLA-C/IRF1/STAT1/JAK1",5,86,"Crossvalidation_NKcells_2021_NatureGenetics_Sheffer_100_HT29neg100",5,13,"NKcells","neg",2.08007297927896,"Interferon Gamma Signaling","IFNg Signaling"
"REACTOME_877300","Interferon Gamma Signaling",-12.5468200528815,2.65063620112053e-07,6.8062447342106e-05,"7/88","86/17332","3133/3717/3459/3460/81603/567/6772","HLA-E/JAK2/IFNGR1/IFNGR2/TRIM8/B2M/STAT1",7,86,"Crossvalidation_NKcells_2021_NatureGenetics_Sheffer_100_SW620neg100",5,13,"NKcells","neg",4.16709243890076,"Interferon Gamma Signaling","IFNg Signaling"
"REACTOME_877300","Interferon Gamma Signaling",-2.99884379302606,7.63637002904359e-06,0.000787977932371935,"6/95","86/17332","3107/3133/567/3106/3460/10379","HLA-C/HLA-E/B2M/HLA-B/IFNGR2/IRF9",6,86,"Crossvalidation_NKcells_2024_CELL_Li_100_COLO205_NKneg100",5,13,"NKcells","neg",3.10348594492579,"Interferon Gamma Signaling","IFNg Signaling"
"GOBP_ANTIGEN_PROCESSING_AND_PRESENTATION_OF_ENDOGENOUS_PEPTIDE_ANTIGEN","Antigen Processing And Presentation Of Endogenous Peptide Antigen",-8.23363936124493,4.13975352766053e-08,3.38217863209866e-05,"5/92","19/17332","6890/3133/6891/6892/3107","TAP1/HLA-E/TAP2/TAPBP/HLA-C",5,19,"Crossvalidation_NKcells_2021_NatureGenetics_Sheffer_100_HT29neg100",3,13,"NKcells","neg",4.47080345856973,"Antigen Processing And Presentation Of Endogenous Peptide Antigen","Antigen Processing and Presentation"
"GOBP_ANTIGEN_PROCESSING_AND_PRESENTATION_OF_ENDOGENOUS_PEPTIDE_ANTIGEN","Antigen Processing And Presentation Of Endogenous Peptide Antigen",-8.88897023401796,3.70763777630505e-10,2.85611696701366e-07,"6/88","19/17332","3133/6890/6891/6892/51752/567","HLA-E/TAP1/TAP2/TAPBP/ERAP1/B2M",6,19,"Crossvalidation_NKcells_2021_NatureGenetics_Sheffer_100_SW620neg100",3,13,"NKcells","neg",6.54422401080048,"Antigen Processing And Presentation Of Endogenous Peptide Antigen","Antigen Processing and Presentation"
"GOBP_ANTIGEN_PROCESSING_AND_PRESENTATION_OF_ENDOGENOUS_PEPTIDE_ANTIGEN","Antigen Processing And Presentation Of Endogenous Peptide Antigen",-4.97510814890645,5.66888060445544e-12,2.33983046948898e-09,"7/95","19/17332","3107/3133/6892/6890/567/3106/6891","HLA-C/HLA-E/TAPBP/TAP1/B2M/HLA-B/TAP2",7,19,"Crossvalidation_NKcells_2024_CELL_Li_100_COLO205_NKneg100",3,13,"NKcells","neg",8.63081560790295,"Antigen Processing And Presentation Of Endogenous Peptide Antigen","Antigen Processing and Presentation"
"GOBP_MYELOID_CELL_HOMEOSTASIS","Myeloid Cell Homeostasis",2.04196478428957,2.03271308362582e-07,8.89921788011385e-05,"9/93","161/17332","3148/10018/8861/3146/581/578/6688/51621/23774","HMGB2/BCL2L11/LDB1/HMGB1/BAX/BAK1/SPI1/KLF13/BRD1",9,161,"Crossvalidation_Macrophages_2021_Nature_Kamber_100_Ramos_macrophagepos100",1,1,"Macrophages","pos",4.05064816024009,"Myeloid Cell Homeostasis","Myeloid Cell Homeostasis"
"PID_REG_GR_PATHWAY","Reg Gr Pathway",1.90290682661279,5.11490229042991e-06,0.000779070467242171,"6/93","82/17332","6599/581/6601/6597/1387/6688","SMARCC1/BAX/SMARCC2/SMARCA4/CREBBP/SPI1",6,82,"Crossvalidation_Macrophages_2021_Nature_Kamber_100_Ramos_macrophagepos100",1,1,"Macrophages","pos",3.1084232584374,"Reg Gr Pathway","REG GR Pathway"
"REACTOME_9013407","Rhoh Gtpase Cycle",1.41601769268017,4.98635963881668e-05,0.00456692523390036,"4/93","38/17332","399/396/397/3932","RHOH/ARHGDIA/ARHGDIB/LCK",4,38,"Crossvalidation_Macrophages_2021_Nature_Kamber_100_Ramos_macrophagepos100",1,1,"Macrophages","pos",2.34037609826169,"Rhoh Gtpase Cycle","RHOH GTPase Cycle"
"GOBP_POSITIVE_REGULATION_OF_DEPHOSPHORYLATION","Positive Regulation Of Dephosphorylation",-1.44451115537587,0.000334230603293456,0.0167338122048923,"4/94","61/17332","5788/121665/5580/55626","PTPRC/SPPL3/PRKCD/AMBRA1",4,61,"Crossvalidation_Macrophages_2021_Nature_Kamber_100_Ramos_macrophageneg100",1,1,"Macrophages","neg",1.77640510919019,"Positive Regulation Of Dephosphorylation","Positive Regulation of Dephosphorylation"
"REACTOME_4085001","Sialic Acid Metabolism",-5.66127581322358,8.87040393226894e-07,7.68654617669305e-05,"5/94","33/17332","10020/55907/54187/10559/6480","GNE/CMAS/NANS/SLC35A1/ST6GAL1",5,33,"Crossvalidation_Macrophages_2021_Nature_Kamber_100_Ramos_macrophageneg100",1,1,"Macrophages","neg",4.1142687594636,"Sialic Acid Metabolism","Sialic Acid Metabolism"
"REACTOME_611105","Respiratory Electron Transport",-4.38088386499254,2.01910431753566e-15,1.13726050685196e-12,"13/94","91/17332","51204/4726/4715/285521/4728/4724/4694/54539/374291/6834/4723/4711/4717","TACO1/NDUFS6/NDUFB9/COX18/NDUFS8/NDUFS4/NDUFA1/NDUFB11/NDUFS7/SURF1/NDUFV1/NDUFB5/NDUFC1",13,91,"Crossvalidation_Macrophages_2021_Nature_Kamber_100_Ramos_macrophageneg100",1,1,"Macrophages","neg",11.9441400421465,"Respiratory Electron Transport","Respiratory Electron Transport"
"REACTOME_6787450","Trna Modification In The Mitochondrion",-1.88964034133975,1.26744647102059e-05,0.00101984174971764,"3/94","9/17332","25821/55687/84705","MTO1/TRMU/GTPBP3",3,9,"Crossvalidation_Macrophages_2021_Nature_Kamber_100_Ramos_macrophageneg100",1,1,"Macrophages","neg",2.99146721309726,"Trna Modification In The Mitochondrion","tRNA Modification in the Mitochondrion"
"BIOCARTA_IFNA_PATHWAY","Ifna Pathway",2.44861731704467,3.72931087332658e-10,8.84965470240397e-07,"5/88","9/17332","10379/6773/3716/6772/3454","IRF9/STAT2/JAK1/STAT1/IFNAR1",5,9,"Crossvalidation_GammadeltaTcells_2023_Nature_Mamedov_100_Daudi_Gammadeltapos100",1,1,"GammadeltaTcells","pos",6.0530736743605,"Ifna Pathway","IFNa Pathway"
"GOBP_CELLULAR_AMINO_ACID_METABOLIC_PROCESS","Cellular Amino Acid Metabolic Process",-21.858233442108,4.54279028410301e-06,0.000746531870020929,"10/97","286/17332","54938/2356/2618/7407/92935/10667/51540/25973/57505/3035","SARS2/FPGS/GART/VARS1/MARS2/FARS2/SCLY/PARS2/AARS2/HARS1",10,286,"Crossvalidation_GammadeltaTcells_2023_Nature_Mamedov_100_Daudi_Gammadeltaneg100",1,1,"GammadeltaTcells","neg",3.12695164717702,"Cellular Amino Acid Metabolic Process","Cellular Amino Acid Metabolic Process"
"GOBP_TRANSCRIPTION_INITIATION_FROM_RNA_POLYMERASE_III_PROMOTER","Transcription Initiation From Rna Polymerase Iii Promoter",-12.5446475603339,6.34270808352116e-08,2.77414899819176e-05,"4/97","8/17332","2972/9328/27297/171568","BRF1/GTF3C5/CRCP/POLR3H",4,8,"Crossvalidation_GammadeltaTcells_2023_Nature_Mamedov_100_Daudi_Gammadeltaneg100",1,1,"GammadeltaTcells","neg",4.55687021689117,"Transcription Initiation From Rna Polymerase Iii Promoter","Transcription Initiation from Pol III Promoter"
